[{"username": "user1", "date": "2024-03-10", "meal_type": "Breakfast"}, {"username": "user2", "date": "2024-03-10", "meal_type": "Lunch"}, {"username": "user1", "date": "2024-03-11", "meal_type": "Dinner"}, {"username": "naitikm", "date": "2024-03-01", "meal_type": "lunch"}, {"username": "naitikm", "date": "2024-03-05", "meal_type": "lunch"}, {"username": "naitikm", "date": "2024-03-04", "meal_type": "breakfast"}, {"username": "naitikm", "date": "", "meal_type": "breakfast"}, {"username": "naitikm", "date": "2024-02-27", "meal_type": "dinner"}, {"username": "naitikm", "date": "2024-02-28", "meal_type": "lunch"}]